Feature,Importance
numeric__cons.conf.idx,0.19730407105640932
numeric__euribor3m,0.16673533648145938
numeric__age,0.0672369571878224
numeric__cons.price.idx,0.06372440609285468
numeric__campaign,0.044865246219775064
numeric__emp.var.rate,0.04486432834038494
categorical__month_oct,0.04370873821571422
numeric__nr.employed,0.039514181520009295
categorical__default_no,0.015460992800056432
categorical__age_group_35-44,0.014468283280426405
categorical__month_may,0.014252024275093651
categorical__contact_telephone,0.014069004986553873
categorical__poutcome_failure,0.013916019577098076
categorical__default_unknown,0.013803338924538394
categorical__day_of_week_mon,0.013039389164050204
categorical__day_of_week_fri,0.012432259379660629
categorical__contact_cellular,0.011375548055434882
categorical__job_blue-collar,0.010274125202490061
categorical__job_services,0.008123890156936622
numeric__was_previously_contacted,0.008074268731580441
categorical__education_university.degree,0.007929871035599851
categorical__education_basic.9y,0.0074120520492193575
categorical__marital_single,0.007393366965965428
categorical__day_of_week_wed,0.006950303421110943
categorical__poutcome_success,0.006851392460009978
categorical__education_basic.4y,0.006671710265518514
categorical__education_high.school,0.006036023114705834
categorical__job_admin.,0.006000210165322711
categorical__age_group_45-54,0.005933293369676843
categorical__job_technician,0.0059044289631887134
categorical__loan_yes,0.005780511638460764
categorical__day_of_week_tue,0.005726519470205439
categorical__loan_no,0.005537311307955138
categorical__education_basic.6y,0.005326076475450421
categorical__poutcome_nonexistent,0.005259143104332079
categorical__month_apr,0.005227209422278255
categorical__housing_no,0.005027665631158783
categorical__day_of_week_thu,0.0050205528354235395
categorical__education_professional.course,0.004976093437464485
categorical__housing_yes,0.004754907704012052
categorical__marital_married,0.004694322964964309
categorical__job_management,0.004556252874549928
categorical__marital_divorced,0.004339485127638389
numeric__previous,0.004294526444565081
categorical__job_entrepreneur,0.004047519158724127
categorical__job_housemaid,0.0039656155936997695
categorical__education_unknown,0.0038488841872526586
categorical__job_retired,0.0034301065218789993
categorical__age_group_25-34,0.0033025815522854008
categorical__job_student,0.0031846274173201383
categorical__job_self-employed,0.002944870770301856
categorical__month_mar,0.0026161934987937135
categorical__month_jul,0.002513008360059043
categorical__loan_unknown,0.0020645540339651
categorical__age_group_55-64,0.002021499928192678
categorical__housing_unknown,0.0019681070106103314
categorical__age_group_<25,0.0015536933418951377
categorical__job_unknown,0.0014246046466404607
categorical__month_aug,0.0012616325675391218
categorical__job_unemployed,0.0012174845414216387
categorical__month_nov,0.0010936313148511834
categorical__month_jun,0.0010460918421036454
categorical__marital_unknown,0.0010108904529164357
categorical__age_group_65+,0.0005687500241066761
categorical__month_dec,3.70068476936859e-05
categorical__education_illiterate,3.3006490622414706e-05
categorical__default_yes,0.0
